,value,value,value,value,value,value,value,value,value,value,value,value,value,value,value,value,value,value,value,value,value,value,value,value,value,value,value,value,value,value,value,value,value,value
movie_id,1,2,3,4,5,6,7,8,9,10,11,12,13,14,15,16,17,18,19,20,21,22,23,24,25,26,27,28,29,30,31,32,33,34
user_id,,,,,,,,,,,,,,,,,,,,,,,,,,,,,,,,,,
1,4.003206751132834,3.9201732390508006,4.15579629265077,3.5276857529476167,3.920560428388053,4.143609284574018,2.655632524224754,4.067330949853963,4.010433060416232,3.805991320883904,3.5367405635509206,3.5593615469889013,4.9600998901268945,3.999356767634241,3.2666673966038586,3.8881740735742576,2.356340700463292,3.1480087958787797,4.106334570008402,3.4030943337574975,4.011589501493009,3.6101172310868233,3.4820569217018047,3.798572342117119,3.7972411061229727,3.9845785655434565,3.3313705981411794,3.9905227032874215,3.4575014025520088,3.103216160749667,2.7197287660780503,3.3512812969738777,3.0432953267004157,4.564492352041396
2,4.970695444875847,4.967980465146039,4.445720083504299,3.9028891863366284,4.832376829671777,4.706019567634389,3.39355717279647,4.699165100426411,4.532496693990161,4.837787665110314,3.96145367428434,4.0678375797370565,4.774658145668817,4.012895623513021,3.9985020316688797,4.217420601648283,2.5209406323951837,3.543129569004662,4.197580215537454,4.397238147382487,4.993920563161032,4.573551172997904,3.82274614148215,4.732715857693561,4.3146553653578925,4.494078964186517,4.415012275114563,4.1650484408207005,3.4629959677256412,4.391354893193656,2.99431503672431,4.346918632100595,4.012403177602962,3.9994203906361645
3,4.01719406364874,3.9856870089820253,4.9557366916060674,4.08844032028029,4.528672226056471,4.271317380867692,2.8184664426748958,4.33860218786229,4.491312952442704,4.368095231360409,3.7255626679400464,3.5314337167246266,4.9649102326860355,4.196254240470348,3.44385626979818,3.6223174398518228,2.715253759877661,3.4171802086121823,4.206387206338036,3.501057520026807,4.440289816281811,3.0109579563149085,3.0160156897533876,3.8631709047314198,4.081446377730426,4.317372301009254,3.8808871183922125,4.474547938967813,3.2064491964134816,3.2334671694501305,2.226656061873375,2.585663056396538,3.4460929070017983,4.592849316821927
4,4.991057338262026,4.987247983870717,4.929645789908768,4.961957116456225,5.010593017546339,4.961454486640106,3.943775491609258,5.076452029412343,4.952445808569319,5.0174918813755465,4.511766278053391,3.8227952394372884,5.0003471750912025,4.203919628655696,3.582867286524319,4.372475061169686,3.110136411243154,3.54129011697472,4.341333484837849,3.981137998778343,4.721400878917676,4.591359862456497,3.599114366507849,4.9796033942763005,4.062711652738355,4.741983664080096,4.503452859385174,4.907037724857919,3.1171861266217746,3.4157590062866228,2.0054197686477853,4.223429716160015,4.17213508921856,4.643999188941884
5,4.980598605486665,4.240428049250519,5.462152772302298,4.372291218155907,5.165503932863452,4.552754829822797,3.1563807103373693,4.635528421219262,4.982091692670031,4.921007105167779,4.14399541926048,4.108233887422524,4.962993043167737,4.679722968150342,3.2895400123537413,4.271004868522517,3.023082000596164,3.436946364679382,4.969732323363957,3.390456695883684,3.9950430059099853,3.4885786970857238,3.1089509547170615,4.434030165348299,4.503628353668047,4.72218540171141,3.7368534482573788,5.076959795824372,3.0172540447856573,3.6116197557488388,2.9962841743945043,2.031814065021503,4.980752118416413,4.987322251821494
6,4.970645611736549,4.964555862268968,4.17031046794803,3.87886810074633,4.506535964682432,4.541403229517512,3.5524244005809096,4.708767076536516,4.287690931563094,4.623751043643961,3.8844883978850917,3.7880008583777176,4.320822546129839,3.6317747159641405,3.9056168375684157,4.099670390936361,2.549021881775695,3.0863676928123707,3.7361414853974524,4.182749669976684,4.887380032542986,4.814574836834117,3.9075887733551795,4.845758619591738,4.015229854387387,4.218249547504995,4.733826853483503,3.839328906432621,3.4765390641921754,3.813339182276586,2.010721444924586,4.979290193305506,4.0016816995223365,3.016666716986303
7,4.978865276090967,4.184621181233154,4.219804250937575,2.0411059631963897,4.146064678734482,4.239678973139864,2.8290511047977422,4.041294563618053,4.001889803591082,4.114772329740573,3.326431994998411,4.967678885905905,4.988569895344807,4.913663173393623,4.041111574378121,4.983503611700634,2.1706607677339598,2.939205739977112,4.258120242780245,4.515983668296307,4.618952303646419,4.99592703917985,4.981613217922076,4.692938795701388,4.5469997428244096,3.9870232100313063,3.7963764319674578,3.668019881727424,5.1682729138333485,4.443626908968007,4.289800189028695,4.517674141439232,4.584601585858859,4.0029452744956044
8,4.033184700556623,4.611381018315444,4.988337157373133,4.093999528620021,4.812595687320021,4.380030518477716,3.4526533414157,4.457080578063454,4.893846008656086,5.002092224319606,4.261287708422481,4.029776703686891,4.41529685486629,4.984762496165484,3.4818844359915393,4.04811866161124,3.3261902316640506,4.0615966517817705,3.6706166826218616,3.9408715668524152,5.040677959826127,3.6350610111943524,3.001191961332797,4.479643796214168,4.267321725659705,4.697598463684106,4.9612707925721,4.9645588787014185,3.4020405184478393,3.4752386667880146,2.097330976577616,3.1557651705404357,3.796397911486399,4.456581768172534
9,4.985871168915151,4.640645961879189,4.999137795982189,4.14291910934925,4.8710135943713295,4.6677711364165715,3.406979489310561,4.796155980896775,4.769744319984048,4.762928976447893,4.352100487013436,4.290161260650721,4.999039198774894,4.8683012866071,3.3622190255654574,4.977765139792894,2.9941458001819883,3.4547088279088394,4.36929352932022,3.5903432171176615,4.595261228464562,4.565434276590165,3.973169711035024,4.753120752368333,4.420807321621055,4.743034176046917,4.05372745966108,4.974980251056693,3.9982920834021187,3.4489717117433587,2.6136489150048874,3.7361408317629152,4.461349006652371,4.892005250378127
10,4.009593017737441,3.984239299485518,4.000581733835223,2.5241173112094537,3.9241749596469098,4.251844919081493,2.778352431751776,4.018318214384748,4.007826082235479,3.9033527477024657,2.5110701173306906,4.0112883593163025,4.990406321972438,3.0189590976194833,4.950838629951731,3.5498216690633906,2.920773478845938,2.7882441201334873,4.504766929994627,5.078039718462084,3.978649142256002,4.001614650806981,4.960477216679773,4.037239061030206,3.6443797547603314,3.572014112714133,3.8974565663389344,3.2075940315510665,4.997900359307026,5.321034279195567,2.966615511635834,4.653397799023388,3.3033479840362556,4.016164728761936
11,4.958857166966277,4.008138365740781,4.975775504369139,3.569584670627988,4.60481618619737,4.333008985885646,2.702048497697052,4.419157551047766,4.3144059733790066,4.5318854456274025,3.7015602164323833,4.157128827637259,4.4553970000136625,4.969873540489901,3.3102131733722837,4.018404165559212,2.8067594035394534,3.377987709423325,4.023390371989508,4.0733604701314645,4.565794566025767,4.125130544364383,3.210394600710205,4.328448369641786,4.39738533415702,4.057521509097176,4.187431056307584,4.180571390954807,3.7788499258945176,2.993775265415283,3.224187317462995,3.1334361551179257,4.994565713462334,3.0131752934893794
12,4.989594406601401,4.649001449353829,4.982049150059415,3.998604003521067,4.919025802864519,4.87691513829697,3.5069916239363335,4.981905585736218,4.76832364311166,4.759841401137652,3.3326094326703486,4.023141823811308,5.238413336030373,3.0267988677046587,4.975819669399452,4.021214424295004,3.3423059420929184,2.831551838427667,4.953268173193475,4.918702374816009,4.349437333649647,4.394503469707191,4.974386130609036,4.725950606576635,4.003239327352146,4.3026628087317045,4.3887794687778285,4.146014180788254,4.675709318871645,5.199696130442453,1.9755700060040453,4.637525601635611,4.225620506380106,4.202341677400414
13,4.00199276953428,4.330385190688117,4.1736312503579756,3.769241551395583,4.860197956551745,4.101559487158043,4.9276081329079755,4.055949916684896,4.535923233521886,4.940516305621778,3.551214231250725,3.531498204126594,4.001198408395667,2.980700009536272,3.9735720693311203,3.405683120899027,1.775775570836232,2.7446253869696418,2.786553788091623,4.133408063250359,4.893555053827082,4.007952111181283,3.0102272739439355,5.362973732837026,3.3006881365914134,3.9711719575791755,4.672278255838547,3.97008864829623,2.050126447686069,4.131235790139104,0.7993489053332207,3.9311309872604268,3.9754239678727656,4.208701629667523
14,4.976502892358276,4.032897628782876,4.991709263577671,3.8035439691131594,4.986233499862831,4.5577779207598965,3.6615624919502365,4.614389573284933,4.5344537266827425,4.652311547844002,3.6386693697225847,4.149703613325864,4.98434660537015,4.417816087524791,3.7344721407141526,4.383282071464759,2.5319163133779474,3.02823562096072,4.190181702732083,3.972728529388917,4.784850939270085,4.5209892528439815,3.7942467856797806,4.970670340349499,4.245330946677885,4.120449309871199,3.956487538561447,4.285957146839458,3.837100575933409,3.4453641097252863,2.6492493214665256,4.005466058732855,5.199910990068393,4.4966071407408155
15,4.974867501987487,4.762700464427207,5.005693508532401,4.969965729202443,4.96879306117486,4.877299525666911,3.5699525004073305,5.043840060696487,4.910387413209005,4.858024731104686,4.332868440998243,3.7639233398682266,4.9950454030856175,4.0083408396110105,3.527134038545419,4.313148085316048,3.202070364061569,3.514573655714568,4.465380512186314,3.6996166658223366,4.25116957564351,4.349342818218343,3.5363851046341734,4.660611893778063,4.0499086735898135,4.7075696828923315,4.124903859108266,4.979873601358308,3.323556403762044,3.3891754870921105,1.851706792050228,3.5834525512569666,4.099701698519516,4.572583289845338
16,4.00817854376749,3.835122856833646,3.991945446469454,2.9038376087357625,4.558444766094378,4.235280887018937,3.1250218037149615,4.002992562570723,3.90725458142564,4.4450201378373695,2.7653270153239746,3.6536391507609234,4.025854598662211,3.57414762246358,3.9656806429955287,3.6734480976296875,3.1109723429555927,2.9781060447066285,3.8575651028362565,4.582511608853923,4.508463874772892,4.3280842786020495,3.8245778650329134,4.200293879713596,3.4309977585680445,3.374088465404066,3.8982595091430423,3.1651907192513953,3.8772847549589584,4.974829759748944,3.6813072136276994,4.983314779860279,4.980412596637289,3.997994533727496
17,3.9982103231502224,3.9974257335744094,4.028483562267687,3.5472996743240617,4.9207875631582745,4.150231583319281,2.885452374763475,4.141147838170864,4.099235482838837,4.515277221880558,3.045102365235726,3.5052554406317085,3.9887355830937268,3.518387346432976,3.7103698833390117,3.4959462994159343,2.3393569870199844,3.9496441132248763,3.2757488260310477,3.412244200313913,4.7113659025891135,3.827771754544562,2.4660453110618663,4.016973486966959,4.040960862055367,3.8780201578048694,3.7366806948128994,3.7158094400157835,3.1806197720403135,4.194450284641821,2.6409474737075493,3.3175320082541067,4.199261553812463,3.965744099068086
18,4.985542853927413,4.494647516718287,4.986363833144408,3.761102979455985,4.958830425250183,4.589609749188103,2.921943825679716,4.7286851207243465,4.648103011077049,4.690365254093688,3.920260609308631,4.39239563231001,4.998527880392657,4.991833622210152,3.7828254843488485,4.539096939301292,2.7394546666772803,3.9075885290877217,4.378327567317635,3.6243769632713785,5.00295349013937,4.25876192588632,3.5254288876167132,4.581666567853602,4.971183859044881,4.594552225710022,4.288260100867636,4.53576751193642,4.166893984895311,3.529031387423433,3.0945871691576614,3.505921226175368,4.689541036070807,4.2759288540907185
19,4.922663610426783,4.989243804646975,4.486378028765412,3.893985970530624,5.344963007884795,5.016460615466053,3.362611331668083,4.879867988811303,4.9707762990899775,5.176816223041174,3.593686840787363,4.655990205957262,4.875417871424991,4.298600365304284,4.9771761788847915,4.015281102609978,2.830759083479632,5.114573318953544,3.798446582441853,4.36368069059832,5.000086856681656,4.9652294782429625,3.0143536460466933,5.00455890645473,4.9795695291835855,4.607502236663747,5.018054068453621,4.327926372224165,4.307359907850416,4.870906312238187,2.988520769075198,3.8341649965018814,4.655066346762568,3.5797543090286803
20,4.727051798117336,4.972049965370124,4.470561988111749,3.989135164292,4.989152328736906,4.779622873429772,3.898002049060616,4.676654073873443,4.6953509900118116,4.982423885044495,4.015989330427861,4.074414431539975,4.937346955796766,4.016273047646127,4.068845520297213,4.318757634251023,2.6398111107522495,3.529038093918126,4.25573106410308,4.581121501086322,5.185148920294003,4.617609315770682,3.9967404180187533,4.976709279235311,4.1332345124543295,4.539064440364212,4.409702944179021,4.325745221518496,3.3542621453239163,4.646040029061469,2.990871181145529,4.731663913890839,4.0022451192641695,4.9908966445609835
21,3.089372668506085,3.966542137735505,3.1650013729585025,3.2423322107133568,3.0095694433227766,2.9247565520019507,2.415036178581135,3.0216084585163827,3.4547496899612486,3.4961951661854176,3.9612634129571878,2.683841037209895,3.0079237607583247,3.2636125286419913,1.6554808478716796,3.1946414585711524,1.359560535366883,2.568592937778514,2.426940817883829,1.9998406061667955,3.00299445368548,2.2816372041763997,1.8585968084457782,3.010725395339384,2.908889286089722,3.9645538334730066,3.1581447129613,3.9921154081996457,1.0058413830159474,2.245704446401439,1.0388562882929226,1.0085523131925211,1.245118877626119,3.026001955199295
22,4.383858899711334,4.009773217188698,3.8009104120628803,3.310656224881043,4.377399165438557,4.168473029088158,3.9839731968857275,4.037439729233703,3.999339629130717,4.348545502564964,3.4597564614023653,3.80469202227924,4.071250893687957,3.858399271659143,3.3360366960080254,4.112151701848011,2.084970299755524,2.8964851906717297,3.003724051428966,3.9085086807315115,4.461671584466134,4.968293253298125,3.403270284838932,4.975356522460391,3.4076475823143273,3.610353350411573,3.8887858689261674,3.681638449632475,3.142610942227568,3.345848666686213,2.3640798227768776,4.636603408301577,4.575164928090785,3.8601763745697064
23,3.7774794822039346,3.9853878868784887,3.7698904849613575,2.7945819971850203,3.7538170682962617,4.151691462332892,2.008601646987295,3.777387036058146,3.7656473265782164,3.7614292505910267,3.438619773915728,3.9624472323328357,4.842522732496073,4.984777675821752,3.0956316561268085,4.069301348605956,2.8372298800552347,3.891344647673823,4.336773057751473,4.239199725742905,4.465022136194423,3.9110958765836883,3.655486429465677,3.429771938615586,3.9973981161443453,3.8690580233047127,3.2180847476191423,3.7495314280359078,3.9853577596027887,3.6286825656135098,4.978023076537129,4.003844816498851,3.01528646383634,4.986626488221827
24,4.976061556047932,4.996304180853988,4.979292134948282,3.698103890884811,4.99004636684821,4.998428863418585,3.587247983880514,4.97265947996713,4.8970782210380435,5.009339885635344,3.7003396042621284,4.5211166273422245,5.34138339666815,4.154302356499213,4.977738942786982,4.396641887182637,3.4194794220774085,3.4947497892722454,4.850954593978522,5.29543807856651,5.19765729000572,4.735717258153651,4.969583161302279,5.0030195139824825,4.486897837049153,4.551914976728556,4.97766162605828,4.279217672477883,4.905240617471963,5.221430422629541,2.982308677280175,5.189321663027298,4.363896514155954,4.468168183602054
25,4.417730905423875,4.974685725702446,4.019649589690275,3.6244415888167367,4.7503407795556,4.36567296484811,3.917391209443794,4.315747101142054,4.493885278747238,4.9827956738668595,3.9166974073871392,3.9724989646477558,4.006704374916667,3.8990684644177684,3.936882052166296,3.874156612376982,2.2741075580593497,3.721926842096585,3.1431714749215183,4.236710361122467,5.143061376432132,4.475630572215079,3.113120468143958,4.976617813891077,4.042155917375292,4.3514559948080445,4.979602603860921,4.029664764076768,2.8277620043845797,4.3390212048312735,2.24224166198649,4.220352110841508,3.8746385084466026,3.517276537168315
26,4.945044866486818,4.9961887061742845,4.694514542951292,4.147618283922815,4.9983521497283165,4.991285117144058,3.585853662510919,4.980157541174266,4.816535294472607,5.014588312380009,4.024018237875507,4.295858831378335,4.933489264415039,4.527238570874872,4.2913940684793195,4.359497523355145,3.2509835462822516,4.0854759300455274,4.179247853412485,4.50179431387486,5.137188569291567,4.9828566875807105,3.8154676249493034,5.001146625911213,4.481541625313158,4.535308683507297,4.968476758403618,4.394313109756587,4.156962218780466,4.147490669967193,2.8589043608401985,4.8721451412549674,4.580294199069696,4.001340327309232
27,4.929755333336189,5.011966488286508,5.081543047276345,4.598508672195441,4.986803992264007,4.723508121393881,3.9268636943997697,4.829697534799671,4.913267147097999,5.1143538680491,4.939980298950817,4.06545646632925,4.922332947337146,5.0445059858517105,3.006687772880988,4.865908662960017,2.63909931335265,3.404932046129386,4.078653248064838,3.7424041930538614,5.179317835272342,4.394399900325115,3.5604289790638455,4.994050611265313,4.282626925825925,4.994078663170959,4.469870507554919,5.173158313781404,2.8646577263670676,3.212095788140752,2.461185491072415,3.779268674962449,4.137507274782904,5.001032974212486
28,4.944935939269962,5.001786998882001,5.158127326689443,4.185632649937163,5.271945822998005,4.807891625820143,3.5430725188629437,4.9454615188406805,5.094355101693167,5.197477842696324,4.310965006403771,4.514577185025496,4.978442819739529,4.998177774202895,4.079323381006186,4.569388481493205,2.992980840162886,4.264601394928314,4.1862143413830415,3.9664777839737195,5.342281500532802,4.381356578786003,3.4829588677740526,4.995637868215245,4.979462235156698,4.982772312039489,4.979438210902917,4.976564415333168,3.9732400745885723,3.931602437519974,2.51249797012272,3.6380520737142157,4.483537257138225,4.4802945721513705
29,4.992484069091189,4.977006462485138,4.79403182426818,3.9936572002141975,4.994345401452203,4.783142157545608,3.6181921760438915,4.815191647753999,4.7699867974686505,4.972639534189364,4.424759110796762,4.3993033721177,4.999906924622346,4.992635349229001,3.622533088131364,4.977310581792591,2.7690500829485627,3.7245997823397095,4.221173214825422,3.958882582449353,5.254331831388897,4.815135669449277,3.967906990993958,4.993243284782214,4.593194720197574,4.804434137898283,4.467608031464001,4.746578300852568,3.844160616510569,3.8927500028318427,3.1032608394586587,4.423683624203116,4.458931445817515,4.881908263956589
30,3.9709834901045453,3.909010543502956,4.974809185688772,4.1227958584186295,4.981700897822653,3.699038780209112,3.274441731480875,4.05092758761811,4.556630183651446,4.967238629156755,3.869069702948736,3.396330056573722,3.046877302540931,3.9938563960947033,2.511291777346154,3.6979723571450385,3.1355708681838617,3.1384162576551033,3.0226221071898918,3.0496542578946717,4.004767821288752,3.0080067767432386,2.225083126885344,4.002584846134077,3.5537510594335844,4.301998263876398,4.009867698556164,4.956218968821419,2.4399572012456123,3.2778399128849305,0.9888228192976982,1.4699959036139867,4.393182729637396,3.7069561758544216
31,4.528201545084753,4.582608364826921,5.000871264664697,4.306089982459919,4.938671464052878,4.667228915223416,3.478776384428238,4.763792698152155,4.958242177575371,4.8263734313678945,4.027085717187277,4.111813763044736,4.969882430642008,4.309504290425373,3.878749415492299,4.3625785514442095,3.3564291601336578,3.781706226070664,4.356154679647619,3.8272128782559545,4.411459825366943,4.100241992826928,3.716506247241904,4.605689600256981,4.259148021299204,4.697786120908644,4.292587812665778,4.988438088661858,3.9912143718372644,3.8722876007359806,2.0048328469375254,3.4195969933732027,4.001979566825979,4.992708467198489
32,4.526427148676791,4.304114259888067,4.978168746911329,4.958320299136721,4.684430584482537,4.796547528908807,2.985604036950571,4.902990613887081,4.644018076045136,4.529439404091753,4.04841167091825,3.4027311585123843,4.9895576525846135,4.073579705036594,3.249909496449082,3.997350100703949,3.660216944658102,3.5143926284335363,4.593944996545759,3.696966936257311,4.001031703784442,3.98549513903178,3.390531253857511,4.022841722513925,3.738533077491994,4.360232410976071,3.7681915229803615,4.755260565310937,3.5085656961382465,3.0618042646954295,2.2668283053995504,3.5908697763258712,3.9702775482173323,4.612710832469391
33,4.993156899132568,5.018489449519038,5.001686283309174,4.618558491682378,5.386956835823846,4.986253668537033,4.948851640616964,4.983497984759815,5.102121700911474,5.422588127865719,4.447635001739429,4.114540648125702,5.000137940275548,4.215576097362732,3.966431272172524,4.5637171715496025,2.739440721306955,3.20116576748768,4.002886328438247,4.625073482317461,5.441577588424436,4.99287827823,4.000451549665384,5.767180290685672,3.953224525105486,4.677504271630481,4.876201589116968,4.809921013755419,3.042917628318315,4.095562896732707,1.9869661006945991,5.020047567176477,4.765646265075326,5.197455593989081
34,4.34327067916125,4.501211865493615,4.999778856844981,4.757166826900889,4.699089241615602,4.830075007096273,4.040035480114027,4.628242687453717,4.957055052742273,4.979437841932135,4.247000766037154,3.6926638697103122,4.974676110949814,3.835795463321552,3.5327528269546065,3.999842463624674,3.6124357384575685,3.020548894659533,4.366745476666835,4.839221955486063,3.8566636250175312,4.165346302268955,3.937252023104761,4.61581650189291,3.052081812868291,4.4236549710982,4.090614446064158,4.9822444020636425,3.0891204570206066,4.1409795856114044,2.166291197397465,3.686009483238984,3.7424128275721014,5.076687281779988
35,4.9061046067031775,4.622436605258199,4.9963915266605055,3.3037356819674386,5.101988775059406,4.544675879972426,2.8064622530770893,4.437118631983719,4.912768293764373,4.998986429770897,4.005843088180507,4.984556166966665,4.997697572647894,4.988532937260614,4.028740666242747,4.9610918093997585,2.461673282596744,4.2111620640825365,4.094171020266347,3.5936690016775095,4.301867147577283,4.230552608596847,3.5823589882606224,4.484575365622276,4.995665087795116,4.990294319585739,4.008022164631116,5.003683816294849,4.472447693925987,4.977324324941118,3.40767048581389,2.0256073062084905,4.467065990276312,4.433998658724955
36,4.613544363593814,3.9990514970946847,4.978004335628663,3.6977417044164693,4.357459845249176,3.9988895417829964,4.28838095623344,4.3344467244587905,4.2752709059646445,4.327742077220541,3.875419255525885,3.505220817028401,4.601738055439023,3.579145898774915,3.112900531665598,4.491791866598273,2.44320583983894,1.022365833351264,4.250127204965257,3.9331960806373303,4.561466864122497,3.8883390472151955,4.9778773382625365,4.9669934707901895,3.270506166181543,4.013745401073779,3.8198977621319714,4.280000671240334,3.2366999571127004,3.1193824136964063,1.0099306751505965,4.566289055398791,4.201956246842848,4.992863487007248
37,4.997164884421068,5.118077219384301,5.003176521774037,4.7075426484943055,4.891517269832708,4.850320793707072,3.7809130574625494,4.979496007425535,4.874503325928181,4.997245557597706,4.95219762926072,4.007066030056302,5.071222351070736,4.970428380123854,3.0637763518262755,4.989234757186884,2.896770594479229,3.4139367771499245,4.347597435053681,3.7011105186602,5.083819079148195,4.57211297007039,3.847413145576267,4.906416154606051,4.282386973460428,5.000531680168708,4.411051485526801,5.124834258586209,3.1600472812680036,3.2113952568515725,2.5558699871312536,4.241687761090804,4.055671550265776,5.092586640150914
38,4.176997887289403,3.7399059102105237,4.95252150565931,3.655999525664068,4.965076793664186,4.003794796666489,2.9319027450283954,4.246845612552807,4.216714982984107,4.63435687363338,3.257324774890954,3.4521064199930924,4.007949475613404,3.973969085417824,3.365243744979368,3.5684397002688897,2.7319537230327913,3.012760938941602,3.6850704503141913,3.7490794979573,4.992530310192234,3.2629761855499164,2.9981458614095797,4.013108374768724,4.0020471969394045,3.9178653637983802,3.9803235844298177,4.0139855719081385,3.298551899939318,3.6360323889759707,2.2211155597023806,3.1117228451426024,4.639649230826412,3.886899752050337
39,4.81378273393994,4.947632417793178,5.008326433304782,4.276336389353267,5.244295136471061,4.7596926226550025,3.125738180776176,4.966652223840855,4.990354773188378,4.99631666330508,4.019678870083368,4.224165774383262,5.002957119729548,4.343559045793267,4.258684433599018,4.310512371276011,2.9696455829577846,4.311172526123758,4.380658168860492,3.578905554285316,5.009053751398261,4.010763046330152,3.3790186288931254,4.574539615951159,4.986544718074987,4.955998462535535,4.637747218244765,4.820087626258068,4.000863030198977,4.216105102087784,2.251426936535329,3.300309439514338,4.071262402591054,4.4871483220127315
40,4.973569419881866,4.575460868219475,5.198221481020805,4.976859447767536,4.423809780936868,4.6458979871392945,3.9865969686067912,4.964056636563797,4.497074174269716,4.497854293336416,4.993873666502227,3.3438236843631284,5.014460057085662,4.712877321545617,2.0499534713319,5.2138318717373595,3.5413744063560966,1.7276413910192268,5.005218583098959,3.8628479973675365,4.668868888293409,4.5127308209999555,4.960846059572578,4.717387773223323,3.2773716657002083,4.521781598483658,3.573554521503664,5.091325533810711,3.065983284733464,2.13469674647013,2.1979055507756513,5.320086238586308,4.121337539384162,5.974464857434111
41,4.592031064627208,4.5861299537237965,4.799521236143991,4.962760095261453,4.992653726603463,4.982142170375948,3.304848464653462,4.976420604932865,4.907500411849153,4.834406606629876,3.896227223383195,3.652965650838387,4.993457250110241,3.73427200399453,3.9858271191346057,3.7692250336605415,3.4809826503087016,4.145252277324185,4.3507813805303375,3.7926410607594105,4.008231324543449,4.219406655250499,3.0088110798338175,4.386922307118824,3.9832684592582783,4.478255340329258,4.21596157695779,4.693077588111336,3.457609095174047,3.809076176096783,2.103662008773722,3.449332922064561,4.124218484316112,4.298649463923956
42,4.028522070837361,4.347993672274623,4.179622299520321,3.990034198573039,5.008716363055599,4.340752977624124,2.9099518188303057,4.456246050576166,4.463276273194091,4.64455237505437,3.4505016903685273,3.762233216629808,4.12566273426553,4.182876943088263,3.8317959617065465,3.606371373840803,2.630552579759358,4.958833736794587,3.034595086690408,3.0031396348721904,4.9825862362271796,3.98517204588534,1.930546633740069,4.226404918970635,4.620422305196235,4.288053748596912,4.44242908729511,4.231792634311131,3.4795834825972016,3.387597522381519,2.0136418480637874,3.099709194867587,3.9910473447536625,3.7320749475106783
43,4.283748234222039,4.270598552158951,4.283785444814294,3.4277831044513283,4.009933202823011,4.328336715961087,2.891639553552721,4.182591956057949,4.102845366348422,4.118417341749765,3.9779742331995727,3.9136143913872146,4.972002119536429,4.978437050705355,3.1499156370016,4.223731852476658,2.4637843375055657,3.3623197104284688,4.094749016774221,3.9115739507526874,4.794985733018465,4.094817413683788,3.5927789377666444,4.212116125915908,4.100287238028449,4.124544944332055,3.9854600693778757,4.016494104421601,3.449216395764706,2.9470367336543464,3.6052975275376973,4.170272171981332,3.5940572389269114,4.391130246399244
44,4.228469999722954,4.119924592583756,4.1088091160451015,3.679665551986363,4.979011415228292,3.9916672323279734,3.995538135696321,4.073312155227477,4.3000936200511735,4.755272620444525,3.577046566211808,3.654351724347326,3.7456633462226088,3.852352203168836,3.3679832496688107,3.6802419527182217,1.5805879210267102,3.5823717094557765,2.5328388593205418,3.0037116344447234,4.997043935335757,4.071616059416477,2.0252349821171207,4.9505796742255,4.046819268390186,4.013603221861039,4.313983382339325,3.9892565045624253,2.2192290274697886,3.2061295948064634,1.5379724205334873,3.1575301784842935,4.592959650469623,3.6662665362086284
45,4.628143492071786,4.508465260648169,4.565214230218441,4.03184306620368,4.965108918789288,4.9830724478981665,2.033629416854727,4.94948256176517,4.660906668325526,4.57173718741126,3.0643792681096325,4.136686772200887,5.08226194833888,3.893537544514516,4.965432456118196,3.56538455258459,3.589101122541105,5.130377265186257,4.506610937626588,3.912714661032725,4.213606133604817,4.235472741513132,3.0172463309451163,3.8488767071760206,4.906564839087784,4.31909281082844,4.395611204462174,4.039017315544349,4.997828293631093,4.659810034713284,3.1717041728239317,3.39814702756661,4.275070537724034,3.263259057314209
46,5.19290027540742,4.933188045971425,4.978959152252128,4.076604115071002,5.211278215344551,4.999266691249397,3.4531727560699874,5.037576068418753,4.97191618739129,5.0076928015192905,4.222258538511391,4.66964418317422,5.301676852787653,5.06732862395387,4.10472033150951,4.986143055567118,3.0197993591782923,4.227086873385982,4.47597412081765,3.9129505167319882,5.108931580236971,4.9862109624994995,3.924625140184968,5.061865116577451,4.979660332539202,4.865962093935022,4.536629959398414,4.8435270229246425,4.480609870168636,4.0099841439830595,3.152537523884291,4.251986555983403,4.841526319131013,4.826981758774683
47,4.749343899995953,4.913441531506465,4.480521144372537,4.167681633332183,4.874439856939062,4.976643418130361,3.620167807251493,4.75635639647071,4.71698757911255,4.972895981443319,4.067263957529497,4.184408706931926,4.996460588709899,4.303241149262261,4.023438559312616,4.2987390108910954,2.987761275681024,3.984400017538974,4.047657623552632,4.830049405327193,4.857730718885305,4.976719530520941,3.8018561439146024,4.812952436182689,4.003656832943263,4.475895415018,4.422579787939682,4.446890832635168,3.751439633951376,4.433510398230626,3.226812365181654,4.571956334967527,4.01274064017002,4.431273839601799
48,4.608337319011847,4.447505664170649,4.483828301443028,3.704182451125692,4.526514004226566,4.944205583486862,2.3809691186379074,4.672078191544709,4.519922934740896,4.450843299398391,3.440498160645734,4.350527979475514,5.27415621217105,4.453306198182864,4.363476580201913,4.09606443572551,3.594402383367319,4.434372205715646,4.617430654220804,4.670003571072701,4.11994325031091,4.66354806200991,3.884270446758261,4.019094118788174,4.318966718373893,4.2264412180331945,4.0208920580161935,4.184872667301665,4.97828572855793,4.52138031772477,3.991295356031755,4.006774645158876,4.009684553771442,4.004727024860804
49,4.798913283567803,4.585202380779162,4.698424540021687,4.433179223848149,5.048363848139426,4.952215811980796,3.8778285795579848,4.796608658991597,4.628142400553122,4.960711904101448,4.0987847644516595,3.791820460373712,4.993433864672576,4.44948944951499,3.5461608893057743,4.266210282422237,3.010900834697122,3.443757853477181,4.422832796276225,4.368538056185069,5.043162600935065,4.749169561731925,3.570753986939137,4.9236998666838225,3.9075923547876177,4.250814180588098,4.212701218416364,4.265245995818738,3.0226318687704405,3.82413936668691,3.5280944314956257,4.9929914586222495,4.984707891964071,4.995158140386734
50,4.387943208108969,4.747928829383894,5.247841193405791,4.019815197711853,5.082292067972889,4.455594602431901,3.1027921750772953,4.652142566116456,4.982416017768119,4.985612712699946,3.94993430866559,4.076414487234556,4.979417360657567,4.422497422940333,4.285927313044192,3.748139423814679,2.688936276999623,4.030759429486639,4.314526508299787,3.784347117707958,5.308505354100944,3.0400621123594944,3.0905088534214826,4.395632334348947,4.976359756880116,4.909093708578363,4.975014372582509,4.699133385111163,3.4418584831842685,4.133599818546783,2.0781690060544586,2.6454814283476256,3.6368634318862494,4.343135332287038
51,4.325992687456172,3.869643322636326,4.206402531951347,3.5266829771386075,4.304934947505671,4.26877293987723,2.651600419347518,4.182384535123052,4.020322380289963,3.9646529457096427,3.420607744032006,3.7209970344926786,4.965963226466837,4.007057718758346,3.317496165459937,4.130341960845872,2.197516990317836,3.2997925449331977,4.111711348412633,3.3667259589289746,4.11807370545602,3.9919736098664464,3.452458789233893,3.929659365115936,3.9793333360125516,3.9827878389854265,3.03192591944552,3.9876197867613254,3.63636860912529,3.4181892401916723,3.1327335497197644,3.3689148119375765,3.6862887751304325,4.704462548445739
52,3.9410794005361494,4.12770112993298,3.908612480859455,2.8549353032303713,4.818037281723571,3.9170895635971146,3.42793694002057,3.8198182998072463,3.9970179452043095,4.949225238803436,2.831878146841345,3.5902760791373995,3.0148952892074266,3.366364636842306,4.095430397808433,2.9506445923798794,2.4413856618935506,3.3591066487735577,2.611438158073445,4.537577955938402,5.033535956977846,3.9409003573553134,2.5322772689432647,4.459286013922224,3.6293549002024332,3.4628170690983793,4.965472367032842,3.035724431155297,2.802814315284102,4.993631150079193,2.6278397247363654,3.9994805930057953,4.987279834178961,2.1825291075564737
53,4.772745855980291,4.976935481240891,5.031618416296505,4.279800204302416,5.004585585621807,4.657613690968608,3.680949137333255,4.832485086313874,4.938460076891846,4.989651468791518,4.390080795784805,4.132597310492308,4.99940315931641,4.365708660346731,3.777171434786582,4.638708395850081,2.8182228308369424,3.4497075135779016,4.306701628076895,3.877675701183885,4.999021157037312,4.136784806180667,3.9886251484702684,4.810913133605655,4.422603798528488,4.955678194516596,4.491329285394615,4.988874536488751,3.630666532403394,4.0296244176241,2.006572254793809,3.718638103645959,3.7825178770288805,4.996169924548994
54,5.127673582816296,4.812801190457233,4.9697886420629835,3.7434060040966717,5.028354578077863,4.876143591678977,3.4168477119508953,4.772589054239219,4.982471842173462,5.004862191682669,4.225571233180526,4.949867097002249,5.204946150928244,5.303138043537951,4.003435159458312,4.997471975170544,3.0302492172858133,4.2093450475513725,4.3279364762510575,4.32193544681544,4.778177575199189,4.99320930446475,3.995054322390085,5.031575689618792,4.806785129430023,4.83026883307833,4.440629368756063,4.979641474277318,4.5749071261715315,4.150840082308627,3.431464569010553,3.7084186792426803,4.674838592023156,4.679069755718562
55,3.2619525846082715,3.479591813011515,2.952976020199491,2.072779034263776,3.7691830659557226,3.4661633356872605,2.778304777196314,2.9890781929340857,3.0666861014156357,3.986420323929322,2.63749460657231,3.3427840738040357,3.137269989628274,3.7219392983642536,3.00625816018412,2.8392586613323973,1.4477574519203,3.1660955207281467,2.029891624791207,4.9800434265846745,4.984696389882733,3.986924258190426,2.5051595543411023,3.7077672162046067,2.904099953582456,2.8433512084462653,3.590096439964235,2.5201147450797667,2.478834229705803,3.9983276145089675,3.9844936030678366,4.080863279966647,3.329212209680361,2.7210170224028696
56,4.781365416433658,4.75217442893049,4.6046414423108075,3.4285930318344158,5.088235721059824,4.822900117366976,3.315367235170302,4.537041119289262,4.931320349505435,5.114876715767052,3.658966807493028,4.948793695611623,4.868916891788302,4.990493664931578,4.6796841419315545,4.029017318803752,2.888446853605382,4.985561128605705,3.8327864487615715,4.873196319308428,5.003096825890337,4.7847413409180515,3.120531835505629,4.979327413648062,4.900646540951861,4.517678749534148,4.992992382297704,4.417507853086833,4.3016866678275045,4.653700785367623,3.67627601621847,3.4970288652613135,4.6057959650712,3.7133096271256467
57,2.588832353049583,3.752144861653824,2.708450636255619,1.991352950845754,3.4164994219718055,3.0787766199946507,2.5494970114162867,2.8010523688959457,2.9527567714716194,3.659929687639025,2.274556092883123,2.6695855970676545,3.231444888822094,2.013978961322555,3.639265244572093,2.0448502142092897,1.0321028910211139,2.517275541927535,2.3229580040895,4.986981803607729,4.962053095151562,2.5460325722247417,2.9978576087694586,3.0702372905196684,2.656656519849859,3.0181680900958425,3.5384551789194334,2.2579224112843583,2.076892381975897,4.972618055262413,2.4801737260797516,3.6232990754876298,1.0243139515267146,3.06523473417424
58,3.848467632644326,4.09872321994105,4.009265336574431,3.029735304013056,3.7954563523114326,4.22920063122045,2.685220082653009,3.952849210522591,3.8529991416321088,3.941426839170283,3.6100954642198917,3.8730664474283025,4.820177663165353,4.967633172843014,3.1250626006166344,4.058313085918765,3.0253429901888462,3.389889508027812,4.202467422461778,4.984249592265357,5.041696601544069,4.181439878374587,4.175511843560295,3.8845766890092728,3.6844306807097564,3.8021472483027887,3.709829119381786,3.804476508759276,3.9893271800014705,3.321862850773865,4.313843375302374,4.988237586406244,3.0189552405031543,4.992128700156205
59,4.627427280440607,4.586734403180971,4.196275322869924,3.03528696734778,4.774336259526119,4.705640155504466,2.8408254481210853,4.410990319411457,4.266043118588105,4.6405609984068965,3.7031126718364633,4.460053218873423,4.934236841781807,4.989839508435016,3.8287027779528566,4.973982067682878,2.918563313528648,3.897980487706801,4.422498119125194,4.020559659720928,4.999201677437959,4.948139987890775,4.1361515158550075,4.429218763486847,4.5199294138180885,4.287731386879109,3.891827467812784,3.908300584945492,4.459857152892037,4.971227211322378,4.983040147291949,4.989416600509954,4.93654433314738,5.00045849597797
60,3.740871479192085,3.2374421736115973,3.8096005374495285,2.922182801666604,4.101345943450765,3.74001194651018,2.8760680086525476,3.404582955411933,3.4582868170644216,3.9726501033875627,3.4124955432815742,3.2974266747805157,3.8594205192815294,4.983327667716066,1.9058903593281389,3.8342911617977786,2.289090467981251,2.797210600518867,3.7266260294241023,3.480590996598251,4.548784900546766,3.736639654352445,2.5740162394353825,3.843241796020246,3.3379235069648594,3.235285902350607,2.8712167147949876,3.3492253912197056,2.0282768500812822,2.6921451076961125,4.978644221962143,4.002134698842056,4.972274089796636,4.981045442739178
61,2.8561206127271355,2.4720653948262608,3.03894395167815,1.8237155417801036,2.8123374469472564,2.626452312883608,1.269160807162698,2.4884927125748284,2.5233969249778947,2.7519272448568395,2.817885463770468,2.9623524257591316,3.068778064160633,4.963039216282506,1.1979984059089477,3.05466179805833,1.3381330215890386,2.94131683749861,2.4222567124994026,2.4020078514854357,3.981109657352854,2.5666236752472504,1.515014138008597,2.533264833869052,3.3855244854499182,2.749694143263808,2.4084413208242816,2.8062078324092643,2.1661223686503717,1.0148077397614423,3.9812514305543383,2.016782492305337,2.9877724617512076,3.002908681146523
62,4.435835307138366,3.8657869639355407,4.330537282893592,2.874983934868644,4.375783411603822,4.553718537027257,2.442487156972062,4.243863151239045,4.018671437224823,4.252615056004666,3.077827670183813,4.3111054474504495,4.755430059875112,4.989682896746911,3.811850308985749,4.1948021939744535,3.5906546833363966,3.731634791202523,4.490729817421024,4.989469130270769,4.626797219400999,4.790443937479317,4.160058043799448,4.075000401395782,4.074806291709952,3.600290861883922,3.801539083146574,3.5847683594030553,4.979122768652877,4.176732106427524,4.987885398132141,4.995520006872671,4.990459815684581,4.192747924897915
63,4.352937560522497,4.241215241458419,4.38182924340637,3.6688221048188034,4.179180718466355,4.098190018273668,3.5303890277145755,4.390266618920885,4.073479224812953,4.080622273180555,4.229519405363391,3.7073397448433303,4.515545067823253,4.965214726131062,2.5652941770868214,4.971536826078135,2.611415078859788,2.704563770408872,3.702763538165929,2.9714505287584325,5.1292635038888665,4.463379725794131,4.023873223310101,4.649858979400544,4.004956533844702,4.1979744695716725,3.952805365011723,4.36956745126128,3.6849914059591473,2.002346123400587,2.023112836182166,4.978955119205841,4.005826803132945,4.999861214817832
64,4.5875894834986095,3.5315467772513642,3.9213908201821814,3.474972130409313,3.902698489965153,3.867045074625821,3.219673631654739,4.146973540340721,3.6091333079625176,3.5868670803272313,3.8117482235268603,3.564397871019493,4.019325897357103,4.771300855265339,1.9743590290380628,4.9615745624695675,2.2722067226121268,2.5012274480919516,3.207161273110318,2.012842445903483,3.998357938542404,4.965207297067541,3.3488745111987237,4.529536116775086,3.706224870908688,3.581094554107601,3.1154586295024824,3.972290011969674,3.574480840111303,1.0279651333346669,2.006922713971324,4.458232725193583,4.987654959496507,4.002104948634091
65,2.385039309194794,2.2641024248818655,2.6293373558935,2.50490899890109,2.533632673682251,2.619866024070342,1.7231106571498347,2.820296809734143,2.31917883272563,2.3121464943436876,2.125531646329385,1.7958736805955355,2.5248350094359413,2.9393758430762444,1.5022206646719651,2.5595501948902295,2.9683944957407857,1.8416796670278859,2.857415699358903,2.010605911665194,2.983315204927938,2.6319829664661105,2.3778029410487016,2.380923651350687,2.1647881759119327,2.083848347997459,2.336546207446088,2.3027497568660764,2.553506380882682,1.0126451433083754,1.8248306122946365,3.984424824400893,2.9978653105284856,3.1556759226913096
66,2.9885468882091164,3.1598534145001005,3.5458710542472587,3.104808064105758,3.2939795305592003,3.6615792010917163,2.4505041156209617,3.3265066347975636,3.4536642873510828,3.556080092378549,2.6226986634893077,2.769308129834474,3.5395989499892457,3.131325158194672,2.7858349330926373,2.567631392547121,3.970163571320226,2.490879564475536,4.001941798291882,4.969907934603358,3.006512488293226,3.1880862444676215,3.4699498673592797,2.997993666573677,2.051369175571523,2.800924163765399,3.0241362704147434,3.222734795573399,3.0084832926761553,3.5633738637561625,3.295136239843832,3.9288173380714966,2.9579193144226514,3.986405594263372
67,3.5363699171271494,2.889232331621534,3.1273508626887363,2.4433699430502127,3.885311395049687,3.1100716887445388,3.236461274136759,3.2718621647035704,2.758487928587478,3.3724550388992838,2.713841928023829,2.60033113821665,3.1521457210167085,3.6097151816089217,2.03896901468965,3.7121630516750783,1.0193870187936558,1.7266425124985982,2.51192190967781,2.016140692360335,4.985501804465128,3.7808128397770777,2.5634310244949687,4.087460369223645,3.2357471140721765,2.670315983158423,2.8955123977448483,2.3644803456931256,2.0097938176275734,1.926682993158793,2.5216992883570355,4.975455022215973,4.965328283433319,3.9912139345089788
68,2.289923722317957,2.5012263933216308,1.9810632320775754,0.8414022402664596,2.3835504816046242,2.3574758116208883,2.011230003320817,1.8504869674267443,2.045401304970226,2.860070143911662,1.166553795577766,2.2533808397779014,2.1109428063471434,0.9961294933797499,3.1753566886263256,1.3057099905999385,1.0123265266258945,1.0178242664507957,1.8429417542775792,4.971929187785623,2.7909181863300887,2.452725033555179,2.9403189003255026,2.452970171073617,1.280720900007855,1.6514772732294267,2.623170992316482,1.0666987452875656,1.9026327880420972,4.963360260415811,2.676970063715495,2.992859311114258,1.9004056752657033,1.0123199718779965
69,3.71457341244846,3.875146664787758,3.8213410227512656,3.4362796916199576,4.014402973461246,4.433760123693747,1.5636712850801087,4.106551998113747,4.10912538417824,4.180676981089929,2.5246021663933975,3.720254372728328,3.67472219601075,3.7770534235552002,4.194856113071165,2.536152465979034,4.961526380994626,4.965113143034287,3.9919329332537594,4.98280653874993,2.999774451536272,4.00340263283787,2.5922721504570387,3.0641078617863466,3.4970769557767056,3.3469562142523315,4.268406251201572,3.522436903577496,4.656852236530076,4.403683849789817,3.8012043008056424,3.3039227571414242,3.9188195652714986,2.0249336174745487
70,4.060803300554322,4.493428801896138,3.854123776135067,3.355307204737922,4.20991866084861,4.537972355923874,2.293136980417768,4.264712075484158,4.21376883445525,4.058514714745299,3.2165501197129855,3.835726979979673,5.178049211345556,3.604866687835538,4.2801418780157094,3.791784169103928,3.0155957209495066,3.978519022300586,4.955292811674221,4.013446939474467,4.004485605671378,3.79299018173068,3.8814059073818328,3.643603962032807,4.185041637030091,4.1849187304879445,3.529375354313042,3.7442045374197623,4.046198810049243,4.973631111400818,3.998278903133903,3.9901093423556757,3.013362929228887,4.995137353804271
71,4.260049869727722,4.048081833206701,4.168594495245045,3.1053758725669756,4.452241474082173,3.944407512233233,2.365698162183997,4.138838004457125,4.0448429514026625,4.016866530968052,3.345301109236952,3.952550231804459,4.45918174522592,4.525888572189018,3.5082425834782853,4.028829387960791,2.000677344098832,3.998836132362106,3.7031946430501703,2.6263998253665344,4.853413943338917,3.610968992631204,2.747016097180312,3.9959926503390104,4.943931111065394,4.184168017207873,3.836957660369979,3.902973638372632,3.765870943016665,3.0034514317328957,2.7154034034355057,3.000004622016165,3.878532461025167,3.995097809621771
72,2.4774707937875764,2.9438813129033043,2.8862481169665624,2.341614843878869,3.2711885304184594,3.265018522182913,1.7249467255412119,2.927450934124111,3.2044570883768446,3.473727399237285,1.703925165495581,2.7124209982235943,2.53704579946535,2.016194662850459,3.491582300601863,2.0878900721375486,3.955823769995988,3.000645146047345,3.0186663353003214,3.9995175625266577,2.004109273154725,2.89324189087116,2.674040991289587,2.4144903806732065,2.0333342270620354,2.515029957817894,3.0949989959022752,2.638288858300427,3.5332114014159277,4.963166135527389,2.559249483806648,2.7432943446326528,3.114295185875919,2.2738061126056897
73,1.3420695807835512,1.8399343217858142,1.2127904184688583,1.1128170129826256,1.5177608764380817,1.71172454911203,0.8862681257371704,1.507943206570879,1.2261901408050684,1.5324888523637044,1.5617139278423053,1.278524067074387,1.922687824781714,2.3471255509285043,0.9088177775230675,1.603061948580789,0.9871397372771352,1.608346025609802,1.760417938959576,2.014227195547112,2.9761882318637145,1.6407700043074396,1.4347804482417215,1.371081273582568,1.6226441969325942,1.4627224853762382,1.4376280466070057,1.089746793319766,1.0087743310277322,1.300323088824102,2.9768410851934037,2.989574399746965,1.0167584892140156,2.5402106420219215
74,3.3819181461534256,3.518055952217561,2.895670038322863,2.242064911765948,3.295819605499791,3.4218601798058708,2.986829682849037,3.0742761723222674,2.857723829111978,3.459387068749047,2.697684220078028,2.8646213814837127,3.7847657738636524,3.096240320183014,2.9392776280929866,2.7558279886647474,1.031843152762533,1.9934021856275963,2.9827139393305857,4.971635605103019,4.9946589854250645,3.60605123842747,3.422915650930548,3.731045472170734,2.6941260886652496,2.7585529204621566,3.2201236398084037,2.2132281121772786,2.008718515916549,3.4536040054473034,3.645536741754339,4.978738160212588,2.5497594429031913,3.5724972649667324
75,4.2011982528767255,3.7298929253273307,4.037638016444222,2.84810806620727,3.860730917053787,4.44032339341869,1.9233190777770408,4.123355568421069,3.7671826915224083,3.7887548107856706,2.7779483049815323,3.9162209685766776,4.743681398869373,4.360339924870137,3.8067600921301694,3.7546014725568866,3.9948203153112347,3.424060445476789,4.979641508538508,4.993152883547832,3.8856261575525615,4.373561305562653,4.376709549619486,3.5012726953091478,3.6987815826676096,3.3431551574370157,3.4484134420474115,3.26658488117381,4.980513183223078,4.181168341877635,4.984551172322502,4.993069294004201,4.308453217585555,4.006569047177297
76,3.178620772456388,2.8308224608270023,3.7749518179169046,3.333990032301847,3.4781791219394784,3.578999061957578,2.2713805627116836,3.589330119877063,3.4105334992543628,3.2120795042266437,2.861260252765575,2.7366882821454297,3.756753242930836,3.968847020215135,2.0710331949009126,3.4852885908914417,3.9705012700943985,2.5629213286907158,4.245905721950175,2.9029946780064524,3.112837360314738,3.2669085417396078,3.192424621421323,3.073759558805459,2.7711010102619156,2.968100722356885,2.5506280228888505,3.5543977007755925,3.358556583979839,2.0121457250792965,2.9952206601635396,3.9998846605773193,3.9886698562198175,4.97668352093378
77,3.711283329071078,3.1754607447284062,4.035821567585641,2.8153065203391106,3.2200484931314195,3.640553854763509,2.647360771775118,3.4894498732886414,3.2213297383639334,3.312403560201387,3.000650893333988,2.859966056562058,4.404507703750317,3.6619108171572665,2.4226287990797815,3.3775778723191743,2.9986385186209756,1.0302221011746118,4.966268079343701,4.978305347596804,3.9910336282430947,3.174219331754973,4.7963772413711485,3.379346578132046,2.48536606668997,2.927082319038094,2.653212064992401,3.028985381954975,2.938865534074227,3.006217391121593,3.990512054744204,5.000494842219687,3.2937122263616176,4.990116067051777
78,2.7068455269913816,2.5367401380144563,2.8272519070251723,1.7626526992946203,3.0130911995204217,2.4499623144476077,1.8998295989355032,2.743626776895152,2.4693853811733453,2.630586837187685,1.9742718642905472,2.5006221694196302,2.8448777061290587,2.707093049027886,2.48989834195098,2.8052961459406855,1.0093127161410982,2.0041763421718275,1.9684380520157587,2.0060036371986203,3.9694192593668416,2.541365798887374,2.4414656930185856,2.852774327964478,3.109674617478459,2.5695911038682175,2.690185486906256,2.314100583272582,2.970616798865187,2.0542485868726934,1.0096992859280212,2.8814438799174265,2.538696856896863,2.6152291240254644
79,3.940718446966716,3.955901328101211,4.49656088397404,3.85601192915795,4.080053994143456,4.250896801163826,2.714044540678075,4.119725259005118,4.142855234569937,4.224144933188071,3.420760209435316,3.227216153231092,4.379330936384306,3.870961834398203,3.156163632102786,3.1592514051035954,3.9758599199000213,2.8391019864678446,4.965065289404928,4.9827810834848005,3.9872253046049,3.262703692922134,3.754455322540199,3.584172214060806,3.154992603693057,3.698587330229027,3.688533187305931,3.907888830634448,3.0197597808626813,3.7131790091366255,3.599594381906239,4.007890147560046,3.5395637030092626,4.549287945847627
80,3.6741016068175,2.5428464170250304,4.093827606726592,3.282234251744519,3.2060079786031244,3.4989071760575996,2.1367347087867574,4.056655517390147,3.274366139439985,2.710801272213168,2.2747331008050335,2.475250978637291,3.6506193686920985,2.803362533414553,2.6355506727476388,3.8440490820749162,4.967423169751758,1.0269606004773055,4.9738650621406615,2.0209707008080247,2.0032065037772053,3.4597580670208936,4.710779295802942,3.11334133390988,2.592621806665983,2.621116341889177,2.605470733781855,3.20458056554861,4.973347984925164,1.9149304673461387,1.0184218474434645,4.979516275365828,4.983625068338259,4.0007228201437455
81,4.159716358906985,3.192521376466918,4.371602400889528,2.5275522007136138,4.430203694921352,3.967990741263721,1.9025180012347678,3.8062169732356588,4.034962365226497,4.135818634063572,2.334730392526683,4.322330273096433,3.993015751277833,4.0901851811675565,4.117183673040615,3.435158264819893,3.0091352289993236,3.990158754097372,3.487987390500245,3.978338838725166,3.3256397236067388,3.896736474046374,2.8753596424474748,3.611754482519384,4.14048093101135,3.443395137783802,3.5548063016668467,3.649613034236559,4.965720717664483,4.306698302912664,3.281574089451024,2.0272646515706887,4.9724245708893875,2.5372092732026985
82,3.9515485679993185,4.144003234827258,3.7688546844967794,3.307820561373531,4.417020469029387,3.989077693086927,2.8010624842719922,4.026711969733379,3.9131233021558987,4.17764823352279,3.449037053660465,3.634093482914063,4.067601722188052,4.2350538770206105,3.248705310150479,3.869799982687737,2.000029807219181,3.984340924501917,3.029552662671774,3.0102168739741635,4.979571185355459,3.9856274974770556,2.516683018784181,4.076836745578131,4.258881646788604,3.9848539903910236,3.8914932233813953,3.7609605912481565,3.200943227531666,3.1586206681436666,2.640678457286,3.617329624807532,3.6488651017428726,3.895424658259435
83,3.8667300898526316,4.246212990777039,3.5505127700970456,3.3192447091164397,4.431203829941888,4.598586504966585,2.4555294864343478,4.200184146821615,3.9935202812631276,4.182024604034885,3.306158107460647,3.9343708065191723,4.714485439895123,4.89532415358615,3.6086913289580758,3.9786258897330153,3.1452683618810124,4.962377464357309,4.003169817202003,4.007196011149596,4.999963792766488,4.6715073154969815,2.921355358649317,3.9140139107334986,4.300940128542009,3.847313899681731,3.7351919780767844,3.6115087069493303,4.001133127864258,3.8415270780947877,4.9847837546287,4.982003083185506,4.0005293375336475,4.988305981169046
84,3.3511732855315763,2.7695320910613725,3.031586278183955,2.0442951653286654,3.116840538432532,3.807751514314026,0.8668041734462595,3.2403187481872546,3.16894670618173,3.0136588609571473,1.8207009859300352,3.695357697814568,3.8681492501822805,3.782065123847041,3.5120918594224566,2.9859850246757333,3.8143197186484645,3.980824090159026,3.9974098707081627,3.989541226012492,2.0261673644205938,3.9752478908683866,3.01577895366034,2.5077742500214457,3.1662642864176753,2.5868643245194503,2.5198178277555283,2.710978732227101,4.9733426752467675,3.961332153135656,4.978706442447612,3.11877771886,3.9911951516790647,2.733583452972089
85,3.4505232850531673,3.2559856235020748,3.4280707194752784,2.7578163604794774,3.16202577893532,3.6501098810974093,2.5478543970916223,3.419151863703421,3.122908891604511,3.3115296148894493,2.6735372371813364,2.8539841198420146,3.8948818645415533,3.3616884080984106,2.804503476876364,2.8837948988371775,2.9560998046912657,2.0017534015250877,3.982494225200256,4.971029719012494,3.9087676303144714,3.5983779889545193,3.9366960330389,3.3643149041577867,2.46372939552728,2.7081019159715525,3.0891962529167474,2.7234084365326408,3.069234072419187,3.010233734570196,3.551642224156645,4.985616449666133,3.077599528103824,3.769782255907772
86,3.7399361434366725,4.086128307663392,4.368716572816037,4.126795883143319,4.48006453888081,4.202671865713702,2.9525166623724513,4.420983357796625,4.544416619175436,4.124474416723742,3.3537076050938555,3.5266080007076956,4.60229815410382,3.500930126460998,3.8072305279711567,3.7020903452117793,3.302037994847532,3.9685175862047766,3.984211547573761,2.9922242347192936,3.9029611855294823,3.4516754833876924,3.141750882621335,3.9325864553542162,4.0229834781285865,4.286929371416481,3.792172856722755,4.604485199131545,3.988723072063773,3.267116988063753,1.0310628569895393,3.0018572799075622,3.0014562052701117,4.9776613244285235
87,2.9533438209751863,3.2424239210318553,3.4946924935425763,2.830195408002254,3.9586450263325057,3.1351645773542467,3.7974709468701384,3.194700094993783,3.339674989726701,3.9169350088174277,2.784252135533621,2.6772599196606923,3.062278928170918,2.8497684905831937,2.7234303842311043,2.8985522056442123,1.5011529789109324,1.9780828099572123,2.029110162278368,3.9691243237964695,4.984060464900395,3.228789352848957,2.8536221179965753,4.06563800311472,2.51669790441968,3.0071428330452825,3.541447582823299,3.119506306601723,2.0389488736249586,2.999315170372916,1.0237866135656413,3.995489622027071,2.987416829921175,3.974753782325886
88,3.707550309013602,3.5119437072658672,3.429047187472254,2.276928218856644,3.808291676690894,3.875604759007357,1.9846522035665304,3.61073220969373,3.203482343057588,3.5679856974722446,2.7616629583527943,3.6047322303832554,4.232298546035168,4.619659908685925,3.0947323836062783,3.7939880285166296,2.4792528007043355,3.4206587158269413,3.7697547552233215,4.009689098944909,4.979057766753649,4.106436754921285,3.45038959049531,3.4656920921788195,3.88532712272477,3.1738274324959055,3.217797679911534,2.787973978325744,3.9834677320383913,3.467757862140166,4.974552659013912,4.991859188938477,4.000933347086728,4.1596430623777385
89,3.97623670400282,3.4140006682982316,3.52327302689362,2.3381389526060867,4.04781976189191,3.7297553907484264,2.780627670151401,3.5059616297596814,3.1654324100415425,4.104844361653819,2.484784370022884,3.3236440895420025,3.168397673810865,3.764044850264269,3.293490112166436,2.9080129321531927,2.2525537646623652,2.646134164270069,2.842380929058371,4.981739199635374,4.98050359935849,4.260431834216849,2.977440898497518,3.99706738646536,3.1735299747846195,2.6591430783290173,4.019288789453698,2.2774739433353823,3.0063474483063803,3.777197747553355,3.99330914576402,4.986611183561935,4.974867412739732,2.024600001381583
90,3.1415486108802106,2.4279519113873045,3.17252986394327,2.0873614435804977,3.2670981617106905,2.842350432594721,1.8186241369342067,3.1482631869309516,2.799852066383975,2.828061397174542,1.763376028405015,2.774399241573666,2.7920058098650165,2.709031801030056,2.9186752785476293,2.952943246899727,2.323683664812448,2.269565113528569,2.4578174821731307,2.0048914553738726,2.98853488605211,3.1544086466273553,2.6255960604966093,2.999513323150606,3.100286334270675,2.461179815911198,2.8878517514053055,2.4999519778550447,3.9679559858605638,2.3408173726698913,1.0146695548400397,2.995330488187705,3.9821218519108634,2.0076196808353397
91,3.5867036140807116,2.8934366474507742,3.1365366224191362,1.987955417487379,3.6456400540526315,3.46801040881668,2.1049276216639186,3.158079968258652,2.954130410456399,3.588134655676243,1.9814511136208064,3.1991854535217317,2.985491185661366,3.2731514985758676,3.205796599649727,2.8380175468422792,2.5682150691676036,2.6402623853713556,2.992954273329442,3.9954634776223115,3.4597603301884097,3.923115061047029,2.76878705270605,3.349149663296008,2.9017716264357465,2.3884713608905312,3.2060186743489028,2.1475904014630256,3.357274962642913,3.9874905141601515,3.988234769725375,3.9904779917127953,4.9717689076227165,2.014891661334095
92,2.4155580715584377,3.316099607123907,2.967563436336466,2.7795819233392205,3.143652342899154,2.797258992738461,3.0248145391356003,2.9800677195247443,2.8931314540397004,3.0378580437156826,2.963756935836041,2.1097030403846704,3.476935693583676,2.7315203866607565,2.118866935961034,2.8705798687345827,1.1293147349014734,1.7956154520037233,2.5611463856539465,2.9944672148208737,4.96962418399101,2.3215514712251166,2.979168021704062,3.2413584033572507,2.6152581576240275,3.145199298585763,2.8660074152062878,2.9862778209860026,1.6334045797435792,2.071667550221824,1.016041726256853,3.9911879980600844,1.0213492492131921,4.974212541613492
93,3.0278631438644235,2.938506674031601,3.2729653451047973,2.580896096517206,3.9619154094221534,3.113022988601696,2.5198537183552303,3.1550519655436613,3.1837707801252644,3.5205989434520544,2.5105281532302315,2.7684018821228227,3.143813142671623,3.259086483275981,2.547163341085278,3.210283291970902,1.7469907181925248,2.7747054515690293,2.6656857378661036,2.0155247285269473,3.984894412621482,2.9281401907282927,2.012871111630971,3.3483954262485556,3.316534085641792,3.0479472714937565,2.8205488276075426,2.9538051810136623,2.384749177750111,2.982943480656265,2.290245557581688,2.9301041456205237,3.981163109856209,3.9810778975814665
94,2.3285658098483735,2.441920032160198,1.9812940397879728,1.632425046518813,2.0207688615294237,2.846299781023772,1.494053812930978,2.3297915289741704,1.9089274540048116,2.129427873404556,2.1435594252582812,2.215397799407341,3.3432673105981956,3.517199957772611,1.5672655069847916,2.543826212775913,2.0726666142553167,1.9637550331210196,3.2737968687458365,3.989719613801075,3.5882063602341225,3.1203969938807568,3.087584856091933,2.2514719412573507,1.938632798536054,1.8661185895692016,1.7866218698728447,1.6662027985383807,2.296882397217218,2.0138704578217563,4.969831407722512,4.979173987081401,2.0128462012722528,3.9894598213483676
95,3.9042517050377583,3.778129340246141,3.005706373701204,2.6073392700415816,3.6082185853498023,4.223109336755359,2.709076678048589,3.661475687903195,3.4996349464794303,3.8281440017818467,2.5075781777464834,3.6290427649845807,3.8969870040030923,2.951700980238611,3.9195603415831157,3.3910698148703577,3.1695859944488114,3.0369469848114363,3.6235149709889343,4.9910036264540105,3.022851213103755,4.964695304502553,3.969389600688378,3.827369310095202,2.6389315966159494,2.9235307547037226,3.3421577728963547,2.764499172561417,4.064098035416616,4.977653435805238,3.9972628104652874,4.984445125196225,4.000813629716836,3.002897676908223
96,1.1588558151216268,1.3773097819006388,1.355963477351336,1.732138597488761,1.2175279287331762,1.7226119123805042,1.598419351265251,1.6500000803390449,1.5069254331514579,1.1007807059507757,1.416602248926731,0.9223046422542557,2.239874741966776,1.1651325948342561,0.8780007829313974,1.9319282754343232,1.9072780172309323,0.4533365784982014,2.489636496516914,1.2539985608360626,1.027973481561796,1.6751273787247292,2.469461699586433,1.5227195061848533,0.6291483006919245,1.330181945164612,0.5940139709410154,1.6655276091864113,1.4785723558889272,0.997414416471706,1.0074224814203114,2.976927654464521,1.0044813847503615,3.9632664836982077
97,3.9186607375417357,3.9193906981378706,4.111250417542458,2.940095172448356,4.378817610800401,4.200071641520603,2.8516901204945455,3.8864032165682687,4.0567547956715435,4.300761634950364,3.0868458110997827,3.8311968768078493,4.537475475603653,3.8311071224835143,3.730085229923032,3.9013511056041503,2.9151209192647762,3.0984672130755095,4.315227448136057,4.4783943164009035,4.194046094162148,3.87406070050051,3.9882704419382975,3.9089460428118326,3.564973863381623,3.7759880327824145,3.3823568196655507,3.689720862737401,3.783557804109129,4.977174264782119,3.991627233491075,4.006448733765598,3.992560480949747,4.981081075039772
98,4.2083087630436555,3.7733349977921633,4.232627069302742,2.838528813260569,3.9191234683640315,4.273759760320289,2.495550313836388,4.1273807634390876,3.8636168707894467,3.77419829874477,3.0871391844768765,3.962313666026709,4.956913521299965,4.2902963700108785,3.5980152687761455,4.3826180966862625,3.4438387294428474,2.732168146541988,4.858318624001741,4.504325488740562,4.112183291604088,4.324108075419735,4.971014230511866,3.8532328705052823,3.682221757590861,3.6330426257400603,3.2412660358699283,3.6657318551984353,4.980903697981779,3.998486278216432,3.990668192758609,5.000882195455355,3.998823952521044,4.990256932296969
99,2.5167946053780805,2.0226048880245986,2.068165918148505,1.701910286839043,1.992569020612869,2.484626791998565,1.7740273756809732,2.4200950367673384,1.7262379139236825,1.8862919441820458,1.8930037644547868,1.8458244994508164,2.686577529929685,2.922686919018277,1.328588737442684,2.6490457208262526,2.012159201651887,1.0399364722245557,2.7765069259903226,2.6629810473068307,3.0952855739171223,3.151850656967456,2.9880605945975196,2.4989805336319857,1.7959632687378895,1.5507642999311104,1.8476659882508364,1.491391545131702,2.3886797619254847,1.0188228750810333,2.9893001531267056,4.971761011754614,2.992416171037839,3.001954279078899
100,2.456880190313875,1.926228544581958,2.7019704839224308,1.8749015452818572,2.66374903968623,2.7711973398372187,1.3362526350341972,2.485883686455108,2.383306547029197,2.22810181673258,1.9815266738094615,2.4972815838403046,3.5383920023233846,3.4392501071121058,1.6089672796570405,3.150555253192045,2.2753552874372898,2.093833821640635,3.5769368884376553,2.358363235559355,2.5601283351203863,2.6811247535545304,2.838913240824689,2.1679488452253803,2.412197597129477,2.2541406355466536,1.0238233918574988,2.5425903310859135,2.987010951900204,2.1659238263039655,3.982791952580196,3.0063669404257687,2.990492757396399,4.967239099035348
